{
  "rows": [
    {
      "itemId": "42ee831ce6b283ecd8b06969caad7894",
      "itemName": "멸절의 폭룡왕 바칼 카드",
      "itemRarity": "레전더리",
      "itemTypeId": "8bcda5578720a4dc56b1736ccbe06c0f",
      "itemType": "스태커블",
      "itemTypeDetailId": "0ec40bc4c624e1a4c498a6a99fbf0d19",
      "itemTypeDetail": "전문직업 재료",
      "itemAvailableLevel": 1,
      "fame": 210,
      "category": "enchants"
    },
    {
      "itemId": "3f12849e5fef0bd904ffe61f04cdbdc9",
      "itemName": "멸절의 폭룡왕 바칼 보주",
      "itemRarity": "레전더리",
      "itemTypeId": "8bcda5578720a4dc56b1736ccbe06c0f",
      "itemType": "스태커블",
      "itemTypeDetailId": "661197ec3628a8476f5121d6209f41aa",
      "itemTypeDetail": "보주",
      "itemAvailableLevel": 1,
      "fame": 210,
      "category": "enchants"
    },
    {
      "itemId": "2e59d40e70bd397a7712d9aaf46f7403",
      "itemName": "기억과 안개의 신, 무 카드",
      "itemRarity": "레전더리",
      "itemTypeId": "8bcda5578720a4dc56b1736ccbe06c0f",
      "itemType": "스태커블",
      "itemTypeDetailId": "0ec40bc4c624e1a4c498a6a99fbf0d19",
      "itemTypeDetail": "전문직업 재료",
      "itemAvailableLevel": 1,
      "fame": 210,
      "category": "enchants"
    },
    {
      "itemId": "45f15b86075e7bc48ba6d96fa276bda7",
      "itemName": "기억과 안개의 신, 무 보주",
      "itemRarity": "레전더리",
      "itemTypeId": "8bcda5578720a4dc56b1736ccbe06c0f",
      "itemType": "스태커블",
      "itemTypeDetailId": "661197ec3628a8476f5121d6209f41aa",
      "itemTypeDetail": "보주",
      "itemAvailableLevel": 1,
      "fame": 210,
      "category": "enchants"
    },
    {
      "itemId": "4d1ca26707323c6274a35b3699c1c977",
      "itemName": "볼트 MX_3 카드",
      "itemRarity": "유니크",
      "itemTypeId": "8bcda5578720a4dc56b1736ccbe06c0f",
      "itemType": "스태커블",
      "itemTypeDetailId": "0ec40bc4c624e1a4c498a6a99fbf0d19",
      "itemTypeDetail": "전문직업 재료",
      "itemAvailableLevel": 1,
      "fame": 196,
      "category": "enchants"
    },
    {
      "itemId": "0f91e93dd9fb5023e044358597d3a27e",
      "itemName": "볼트 MX_3 보주",
      "itemRarity": "유니크",
      "itemTypeId": "8bcda5578720a4dc56b1736ccbe06c0f",
      "itemType": "스태커블",
      "itemTypeDetailId": "661197ec3628a8476f5121d6209f41aa",
      "itemTypeDetail": "보주",
      "itemAvailableLevel": 1,
      "fame": 196,
      "category": "enchants"
    },
    {
      "itemId": "738222cd9256bd9059ed40bd4aec8494",
      "itemName": "볼트 MX_3 카드[이벤트]",
      "itemRarity": "유니크",
      "itemTypeId": "8bcda5578720a4dc56b1736ccbe06c0f",
      "itemType": "스태커블",
      "itemTypeDetailId": "0ec40bc4c624e1a4c498a6a99fbf0d19",
      "itemTypeDetail": "전문직업 재료",
      "itemAvailableLevel": 1,
      "fame": 196,
      "category": "enchants"
    },
    {
      "itemId": "e52e58f1079f1c963df5a55e45b93680",
      "itemName": "매드 리케 카드",
      "itemRarity": "유니크",
      "itemTypeId": "8bcda5578720a4dc56b1736ccbe06c0f",
      "itemType": "스태커블",
      "itemTypeDetailId": "0ec40bc4c624e1a4c498a6a99fbf0d19",
      "itemTypeDetail": "전문직업 재료",
      "itemAvailableLevel": 1,
      "fame": 196,
      "category": "enchants"
    },
    {
      "itemId": "d84d675db38fe50feffb9376c20cbd37",
      "itemName": "매드 리케 보주",
      "itemRarity": "유니크",
      "itemTypeId": "8bcda5578720a4dc56b1736ccbe06c0f",
      "itemType": "스태커블",
      "itemTypeDetailId": "661197ec3628a8476f5121d6209f41aa",
      "itemTypeDetail": "보주",
      "itemAvailableLevel": 1,
      "fame": 196,
      "category": "enchants"
    },
    {
      "itemId": "0773bb6687e6838307abd5b989c6dde5",
      "itemName": "매드 리케 카드[이벤트]",
      "itemRarity": "유니크",
      "itemTypeId": "8bcda5578720a4dc56b1736ccbe06c0f",
      "itemType": "스태커블",
      "itemTypeDetailId": "0ec40bc4c624e1a4c498a6a99fbf0d19",
      "itemTypeDetail": "전문직업 재료",
      "itemAvailableLevel": 1,
      "fame": 196,
      "category": "enchants"
    },
    {
      "itemId": "4c081219ae091041449a163cc0544997",
      "itemName": "빛의 괴수 피톤 카드",
      "itemRarity": "유니크",
      "itemTypeId": "8bcda5578720a4dc56b1736ccbe06c0f",
      "itemType": "스태커블",
      "itemTypeDetailId": "0ec40bc4c624e1a4c498a6a99fbf0d19",
      "itemTypeDetail": "전문직업 재료",
      "itemAvailableLevel": 1,
      "fame": 196,
      "category": "enchants"
    },
    {
      "itemId": "d12d35199a50f39da2d6b0427e5b7c7e",
      "itemName": "빛의 괴수 피톤 보주",
      "itemRarity": "유니크",
      "itemTypeId": "8bcda5578720a4dc56b1736ccbe06c0f",
      "itemType": "스태커블",
      "itemTypeDetailId": "661197ec3628a8476f5121d6209f41aa",
      "itemTypeDetail": "보주",
      "itemAvailableLevel": 1,
      "fame": 196,
      "category": "enchants"
    },
    {
      "itemId": "b356ae6815b9989878b3819489c29e08",
      "itemName": "빛의 괴수 피톤 카드[이벤트]",
      "itemRarity": "유니크",
      "itemTypeId": "8bcda5578720a4dc56b1736ccbe06c0f",
      "itemType": "스태커블",
      "itemTypeDetailId": "0ec40bc4c624e1a4c498a6a99fbf0d19",
      "itemTypeDetail": "전문직업 재료",
      "itemAvailableLevel": 1,
      "fame": 196,
      "category": "enchants"
    },
    {
      "itemId": "8604404b0f52d802a35e12fd204ee636",
      "itemName": "순결한 파이디온 카드",
      "itemRarity": "유니크",
      "itemTypeId": "8bcda5578720a4dc56b1736ccbe06c0f",
      "itemType": "스태커블",
      "itemTypeDetailId": "0ec40bc4c624e1a4c498a6a99fbf0d19",
      "itemTypeDetail": "전문직업 재료",
      "itemAvailableLevel": 1,
      "fame": 196,
      "category": "enchants"
    },
    {
      "itemId": "202dbb114fb00d811886ff5025dcdd8b",
      "itemName": "순결한 파이디온 보주",
      "itemRarity": "유니크",
      "itemTypeId": "8bcda5578720a4dc56b1736ccbe06c0f",
      "itemType": "스태커블",
      "itemTypeDetailId": "661197ec3628a8476f5121d6209f41aa",
      "itemTypeDetail": "보주",
      "itemAvailableLevel": 1,
      "fame": 196,
      "category": "enchants"
    },
    {
      "itemId": "4b013610ef464bf56ef907b28be33598",
      "itemName": "순결한 파이디온 카드[이벤트]",
      "itemRarity": "유니크",
      "itemTypeId": "8bcda5578720a4dc56b1736ccbe06c0f",
      "itemType": "스태커블",
      "itemTypeDetailId": "0ec40bc4c624e1a4c498a6a99fbf0d19",
      "itemTypeDetail": "전문직업 재료",
      "itemAvailableLevel": 1,
      "fame": 196,
      "category": "enchants"
    },
    {
      "itemId": "352ff5ac5ea2c44ee5047decbf76dca4",
      "itemName": "반야 보주",
      "itemRarity": "유니크",
      "itemTypeId": "8bcda5578720a4dc56b1736ccbe06c0f",
      "itemType": "스태커블",
      "itemTypeDetailId": "661197ec3628a8476f5121d6209f41aa",
      "itemTypeDetail": "보주",
      "itemAvailableLevel": 1,
      "fame": 196,
      "category": "enchants"
    },
    {
      "itemId": "d8f9a6ed79ebea79678f26fa8f68f444",
      "itemName": "반야 카드",
      "itemRarity": "유니크",
      "itemTypeId": "8bcda5578720a4dc56b1736ccbe06c0f",
      "itemType": "스태커블",
      "itemTypeDetailId": "0ec40bc4c624e1a4c498a6a99fbf0d19",
      "itemTypeDetail": "전문직업 재료",
      "itemAvailableLevel": 1,
      "fame": 196,
      "category": "enchants"
    },
    {
      "itemId": "0a51ae04ab9e7b6747b5cfea0376dafb",
      "itemName": "반야 카드",
      "itemRarity": "유니크",
      "itemTypeId": "8bcda5578720a4dc56b1736ccbe06c0f",
      "itemType": "스태커블",
      "itemTypeDetailId": "0ec40bc4c624e1a4c498a6a99fbf0d19",
      "itemTypeDetail": "전문직업 재료",
      "itemAvailableLevel": 1,
      "fame": 196,
      "category": "enchants"
    },
    {
      "itemId": "ed2ff8e7180a903dd7af6148a27cb337",
      "itemName": "되살아난 골드 크라운 카드",
      "itemRarity": "유니크",
      "itemTypeId": "8bcda5578720a4dc56b1736ccbe06c0f",
      "itemType": "스태커블",
      "itemTypeDetailId": "0ec40bc4c624e1a4c498a6a99fbf0d19",
      "itemTypeDetail": "전문직업 재료",
      "itemAvailableLevel": 1,
      "fame": 196,
      "category": "enchants"
    },
    {
      "itemId": "5740ce083dc767f2ef12d387c9acf9a8",
      "itemName": "되살아난 골드 크라운 보주",
      "itemRarity": "유니크",
      "itemTypeId": "8bcda5578720a4dc56b1736ccbe06c0f",
      "itemType": "스태커블",
      "itemTypeDetailId": "661197ec3628a8476f5121d6209f41aa",
      "itemTypeDetail": "보주",
      "itemAvailableLevel": 1,
      "fame": 196,
      "category": "enchants"
    },
    {
      "itemId": "8f7cd2b67d7a99b48cfdf4aa74d72a21",
      "itemName": "되살아난 골드 크라운 카드[이벤트]",
      "itemRarity": "유니크",
      "itemTypeId": "8bcda5578720a4dc56b1736ccbe06c0f",
      "itemType": "스태커블",
      "itemTypeDetailId": "0ec40bc4c624e1a4c498a6a99fbf0d19",
      "itemTypeDetail": "전문직업 재료",
      "itemAvailableLevel": 1,
      "fame": 196,
      "category": "enchants"
    },
    {
      "itemId": "6f48ce12a44f3234635573a6ba0615d8",
      "itemName": "폭주하는 욕망의 현신 카드",
      "itemRarity": "레전더리",
      "itemTypeId": "8bcda5578720a4dc56b1736ccbe06c0f",
      "itemType": "스태커블",
      "itemTypeDetailId": "0ec40bc4c624e1a4c498a6a99fbf0d19",
      "itemTypeDetail": "전문직업 재료",
      "itemAvailableLevel": 1,
      "fame": 240,
      "category": "enchants"
    },
    {
      "itemId": "c16f640c48f0dbeb7d7d3bfb1faaecaf",
      "itemName": "폭주하는 욕망의 현신 보주",
      "itemRarity": "레전더리",
      "itemTypeId": "8bcda5578720a4dc56b1736ccbe06c0f",
      "itemType": "스태커블",
      "itemTypeDetailId": "661197ec3628a8476f5121d6209f41aa",
      "itemTypeDetail": "보주",
      "itemAvailableLevel": 1,
      "fame": 240,
      "category": "enchants"
    },
    {
      "itemId": "6c45d5c14e109bd8a3202f0d245cd619",
      "itemName": "황금의 광채 베누스 카드",
      "itemRarity": "레전더리",
      "itemTypeId": "8bcda5578720a4dc56b1736ccbe06c0f",
      "itemType": "스태커블",
      "itemTypeDetailId": "0ec40bc4c624e1a4c498a6a99fbf0d19",
      "itemTypeDetail": "전문직업 재료",
      "itemAvailableLevel": 1,
      "fame": 221,
      "category": "enchants"
    },
    {
      "itemId": "e4d0b97aa0b8a2fa8f606837824681d7",
      "itemName": "황금의 광채 베누스 보주",
      "itemRarity": "레전더리",
      "itemTypeId": "8bcda5578720a4dc56b1736ccbe06c0f",
      "itemType": "스태커블",
      "itemTypeDetailId": "661197ec3628a8476f5121d6209f41aa",
      "itemTypeDetail": "보주",
      "itemAvailableLevel": 1,
      "fame": 221,
      "category": "enchants"
    },
    {
      "itemId": "d9b8fb2e0aaeead63f6ab2c99b8bb3ae",
      "itemName": "백금의 행운, 엘리브 카드",
      "itemRarity": "레전더리",
      "itemTypeId": "8bcda5578720a4dc56b1736ccbe06c0f",
      "itemType": "스태커블",
      "itemTypeDetailId": "0ec40bc4c624e1a4c498a6a99fbf0d19",
      "itemTypeDetail": "전문직업 재료",
      "itemAvailableLevel": 1,
      "fame": 240,
      "category": "enchants"
    },
    {
      "itemId": "c9cf9a781c7e53f3d38f7ad319acabbb",
      "itemName": "백금의 행운, 엘리브 보주",
      "itemRarity": "레전더리",
      "itemTypeId": "8bcda5578720a4dc56b1736ccbe06c0f",
      "itemType": "스태커블",
      "itemTypeDetailId": "661197ec3628a8476f5121d6209f41aa",
      "itemTypeDetail": "보주",
      "itemAvailableLevel": 1,
      "fame": 240,
      "category": "enchants"
    },
    {
      "itemId": "99bd9349d1decec666c6162382b96da9",
      "itemName": "불신위괴 라르고 카드",
      "itemRarity": "레전더리",
      "itemTypeId": "8bcda5578720a4dc56b1736ccbe06c0f",
      "itemType": "스태커블",
      "itemTypeDetailId": "0ec40bc4c624e1a4c498a6a99fbf0d19",
      "itemTypeDetail": "전문직업 재료",
      "itemAvailableLevel": 1,
      "fame": 210,
      "category": "enchants"
    },
    {
      "itemId": "7da386fa47ba8557dd079261e124f2b4",
      "itemName": "불신위괴 라르고 보주",
      "itemRarity": "레전더리",
      "itemTypeId": "8bcda5578720a4dc56b1736ccbe06c0f",
      "itemType": "스태커블",
      "itemTypeDetailId": "661197ec3628a8476f5121d6209f41aa",
      "itemTypeDetail": "보주",
      "itemAvailableLevel": 1,
      "fame": 210,
      "category": "enchants"
    },
    {
      "itemId": "9f765670c9fdefeec6a7b31571748d04",
      "itemName": "폭음 크래시머 카드",
      "itemRarity": "레전더리",
      "itemTypeId": "8bcda5578720a4dc56b1736ccbe06c0f",
      "itemType": "스태커블",
      "itemTypeDetailId": "0ec40bc4c624e1a4c498a6a99fbf0d19",
      "itemTypeDetail": "전문직업 재료",
      "itemAvailableLevel": 1,
      "fame": 221,
      "category": "enchants"
    },
    {
      "itemId": "379076cdc1a8273103a3ff5f12929843",
      "itemName": "폭음 크래시머 보주",
      "itemRarity": "레전더리",
      "itemTypeId": "8bcda5578720a4dc56b1736ccbe06c0f",
      "itemType": "스태커블",
      "itemTypeDetailId": "661197ec3628a8476f5121d6209f41aa",
      "itemTypeDetail": "보주",
      "itemAvailableLevel": 1,
      "fame": 221,
      "category": "enchants"
    },
    {
      "itemId": "2e2f841e760d7d14feb08f0cc5791b65",
      "itemName": "연구소장 엘디르 카드",
      "itemRarity": "레전더리",
      "itemTypeId": "8bcda5578720a4dc56b1736ccbe06c0f",
      "itemType": "스태커블",
      "itemTypeDetailId": "0ec40bc4c624e1a4c498a6a99fbf0d19",
      "itemTypeDetail": "전문직업 재료",
      "itemAvailableLevel": 1,
      "fame": 221,
      "category": "enchants"
    },
    {
      "itemId": "3e882e0e308972abc7bab3d2d2398c95",
      "itemName": "연구소장 엘디르 보주",
      "itemRarity": "레전더리",
      "itemTypeId": "8bcda5578720a4dc56b1736ccbe06c0f",
      "itemType": "스태커블",
      "itemTypeDetailId": "661197ec3628a8476f5121d6209f41aa",
      "itemTypeDetail": "보주",
      "itemAvailableLevel": 1,
      "fame": 221,
      "category": "enchants"
    },
    {
      "itemId": "fe8f36362bd8bfbbe3607effebb48a6a",
      "itemName": "연구소장 엘디르 카드",
      "itemRarity": "레전더리",
      "itemTypeId": "8bcda5578720a4dc56b1736ccbe06c0f",
      "itemType": "스태커블",
      "itemTypeDetailId": "0ec40bc4c624e1a4c498a6a99fbf0d19",
      "itemTypeDetail": "전문직업 재료",
      "itemAvailableLevel": 1,
      "fame": 221,
      "category": "enchants"
    },
    {
      "itemId": "782eed72c6ce2a015b7b9d08516a6dc4",
      "itemName": "적아 울라드 카드",
      "itemRarity": "레전더리",
      "itemTypeId": "8bcda5578720a4dc56b1736ccbe06c0f",
      "itemType": "스태커블",
      "itemTypeDetailId": "0ec40bc4c624e1a4c498a6a99fbf0d19",
      "itemTypeDetail": "전문직업 재료",
      "itemAvailableLevel": 1,
      "fame": 210,
      "category": "enchants"
    },
    {
      "itemId": "20e170f1c81bec65543d06168dec254e",
      "itemName": "적아 울라드 보주",
      "itemRarity": "레전더리",
      "itemTypeId": "8bcda5578720a4dc56b1736ccbe06c0f",
      "itemType": "스태커블",
      "itemTypeDetailId": "661197ec3628a8476f5121d6209f41aa",
      "itemTypeDetail": "보주",
      "itemAvailableLevel": 1,
      "fame": 210,
      "category": "enchants"
    },
    {
      "itemId": "0bab2072ca12e18547df3de7e6967aa0",
      "itemName": "요기를 머금은 요무무 카드",
      "itemRarity": "레전더리",
      "itemTypeId": "8bcda5578720a4dc56b1736ccbe06c0f",
      "itemType": "스태커블",
      "itemTypeDetailId": "0ec40bc4c624e1a4c498a6a99fbf0d19",
      "itemTypeDetail": "전문직업 재료",
      "itemAvailableLevel": 1,
      "fame": 210,
      "category": "enchants"
    },
    {
      "itemId": "5e0f89f9e5a6a51012f25ea20ae6cc29",
      "itemName": "요기를 머금은 요무무 보주",
      "itemRarity": "레전더리",
      "itemTypeId": "8bcda5578720a4dc56b1736ccbe06c0f",
      "itemType": "스태커블",
      "itemTypeDetailId": "661197ec3628a8476f5121d6209f41aa",
      "itemTypeDetail": "보주",
      "itemAvailableLevel": 1,
      "fame": 210,
      "category": "enchants"
    },
    {
      "itemId": "5090544cdc9d25c91c9c53fcb3159f69",
      "itemName": "요기를 머금은 요무무 보주",
      "itemRarity": "레전더리",
      "itemTypeId": "8bcda5578720a4dc56b1736ccbe06c0f",
      "itemType": "스태커블",
      "itemTypeDetailId": "661197ec3628a8476f5121d6209f41aa",
      "itemTypeDetail": "보주",
      "itemAvailableLevel": 1,
      "fame": 210,
      "category": "enchants"
    },
    {
      "itemId": "752294fe685f17b9ce90aeb2391e14d5",
      "itemName": "불길한 사벨리 카드",
      "itemRarity": "레전더리",
      "itemTypeId": "8bcda5578720a4dc56b1736ccbe06c0f",
      "itemType": "스태커블",
      "itemTypeDetailId": "0ec40bc4c624e1a4c498a6a99fbf0d19",
      "itemTypeDetail": "전문직업 재료",
      "itemAvailableLevel": 1,
      "fame": 210,
      "category": "enchants"
    },
    {
      "itemId": "4e4faabf544644a0f937a23b1ce6b9b3",
      "itemName": "불길한 사벨리 보주",
      "itemRarity": "레전더리",
      "itemTypeId": "8bcda5578720a4dc56b1736ccbe06c0f",
      "itemType": "스태커블",
      "itemTypeDetailId": "661197ec3628a8476f5121d6209f41aa",
      "itemTypeDetail": "보주",
      "itemAvailableLevel": 1,
      "fame": 210,
      "category": "enchants"
    },
    {
      "itemId": "5478164ec2b6cc76a757f9ca2301542c",
      "itemName": "심연을 걷는 자 카드",
      "itemRarity": "레전더리",
      "itemTypeId": "8bcda5578720a4dc56b1736ccbe06c0f",
      "itemType": "스태커블",
      "itemTypeDetailId": "0ec40bc4c624e1a4c498a6a99fbf0d19",
      "itemTypeDetail": "전문직업 재료",
      "itemAvailableLevel": 1,
      "fame": 196,
      "category": "enchants"
    },
    {
      "itemId": "a47bd31e5a2c7808e6404689147b5c60",
      "itemName": "심연을 걷는 자 보주",
      "itemRarity": "레전더리",
      "itemTypeId": "8bcda5578720a4dc56b1736ccbe06c0f",
      "itemType": "스태커블",
      "itemTypeDetailId": "661197ec3628a8476f5121d6209f41aa",
      "itemTypeDetail": "보주",
      "itemAvailableLevel": 1,
      "fame": 196,
      "category": "enchants"
    },
    {
      "itemId": "8a6b8978bf63617e97d8e2b60574cb12",
      "itemName": "GB-4 디리겐트 카드",
      "itemRarity": "레전더리",
      "itemTypeId": "8bcda5578720a4dc56b1736ccbe06c0f",
      "itemType": "스태커블",
      "itemTypeDetailId": "0ec40bc4c624e1a4c498a6a99fbf0d19",
      "itemTypeDetail": "전문직업 재료",
      "itemAvailableLevel": 1,
      "fame": 196,
      "category": "enchants"
    },
    {
      "itemId": "0bf75766fec3632153b8dcfd2b925ae6",
      "itemName": "GB-4 디리겐트 보주",
      "itemRarity": "레전더리",
      "itemTypeId": "8bcda5578720a4dc56b1736ccbe06c0f",
      "itemType": "스태커블",
      "itemTypeDetailId": "661197ec3628a8476f5121d6209f41aa",
      "itemTypeDetail": "보주",
      "itemAvailableLevel": 1,
      "fame": 196,
      "category": "enchants"
    },
    {
      "itemId": "42402225812c0c76d2b21e166f595d26",
      "itemName": "GB-1 햅스 카드",
      "itemRarity": "레전더리",
      "itemTypeId": "8bcda5578720a4dc56b1736ccbe06c0f",
      "itemType": "스태커블",
      "itemTypeDetailId": "0ec40bc4c624e1a4c498a6a99fbf0d19",
      "itemTypeDetail": "전문직업 재료",
      "itemAvailableLevel": 1,
      "fame": 196,
      "category": "enchants"
    },
    {
      "itemId": "dc2543fde725900b04df6e16c77f4978",
      "itemName": "GB-1 햅스 보주",
      "itemRarity": "레전더리",
      "itemTypeId": "8bcda5578720a4dc56b1736ccbe06c0f",
      "itemType": "스태커블",
      "itemTypeDetailId": "661197ec3628a8476f5121d6209f41aa",
      "itemTypeDetail": "보주",
      "itemAvailableLevel": 1,
      "fame": 196,
      "category": "enchants"
    },
    {
      "itemId": "4700a8023470f270ca0400b19bd6bf17",
      "itemName": "퀸 디스트로이어 카드",
      "itemRarity": "레전더리",
      "itemTypeId": "8bcda5578720a4dc56b1736ccbe06c0f",
      "itemType": "스태커블",
      "itemTypeDetailId": "0ec40bc4c624e1a4c498a6a99fbf0d19",
      "itemTypeDetail": "전문직업 재료",
      "itemAvailableLevel": 1,
      "fame": 196,
      "category": "enchants"
    },
    {
      "itemId": "12279a2c5956dc2e5846fa5031b4018e",
      "itemName": "퀸 디스트로이어 보주",
      "itemRarity": "레전더리",
      "itemTypeId": "8bcda5578720a4dc56b1736ccbe06c0f",
      "itemType": "스태커블",
      "itemTypeDetailId": "661197ec3628a8476f5121d6209f41aa",
      "itemTypeDetail": "보주",
      "itemAvailableLevel": 1,
      "fame": 196,
      "category": "enchants"
    },
    {
      "itemId": "a89abf30aead907737317589b63a7764",
      "itemName": "닻 내리는 훌리즈 카드",
      "itemRarity": "유니크",
      "itemTypeId": "8bcda5578720a4dc56b1736ccbe06c0f",
      "itemType": "스태커블",
      "itemTypeDetailId": "0ec40bc4c624e1a4c498a6a99fbf0d19",
      "itemTypeDetail": "전문직업 재료",
      "itemAvailableLevel": 1,
      "fame": 196,
      "category": "enchants"
    },
    {
      "itemId": "ef8a0975f5f9f928298984a81d6c0f8e",
      "itemName": "닻 내리는 훌리즈 보주",
      "itemRarity": "유니크",
      "itemTypeId": "8bcda5578720a4dc56b1736ccbe06c0f",
      "itemType": "스태커블",
      "itemTypeDetailId": "661197ec3628a8476f5121d6209f41aa",
      "itemTypeDetail": "보주",
      "itemAvailableLevel": 1,
      "fame": 196,
      "category": "enchants"
    },
    {
      "itemId": "175034770d51d35cc39c7aa8746b0616",
      "itemName": "불안정한 균열 카드",
      "itemRarity": "레전더리",
      "itemTypeId": "8bcda5578720a4dc56b1736ccbe06c0f",
      "itemType": "스태커블",
      "itemTypeDetailId": "0ec40bc4c624e1a4c498a6a99fbf0d19",
      "itemTypeDetail": "전문직업 재료",
      "itemAvailableLevel": 1,
      "fame": 196,
      "category": "enchants"
    },
    {
      "itemId": "56c88d366c4d2e785c14528ab92c44ba",
      "itemName": "불안정한 균열 보주",
      "itemRarity": "레전더리",
      "itemTypeId": "8bcda5578720a4dc56b1736ccbe06c0f",
      "itemType": "스태커블",
      "itemTypeDetailId": "661197ec3628a8476f5121d6209f41aa",
      "itemTypeDetail": "보주",
      "itemAvailableLevel": 1,
      "fame": 196,
      "category": "enchants"
    },
    {
      "itemId": "60d949ca73fe7451d909668aeb6cbc02",
      "itemName": "첫 기억을 간직한 자 카드",
      "itemRarity": "레전더리",
      "itemTypeId": "8bcda5578720a4dc56b1736ccbe06c0f",
      "itemType": "스태커블",
      "itemTypeDetailId": "0ec40bc4c624e1a4c498a6a99fbf0d19",
      "itemTypeDetail": "전문직업 재료",
      "itemAvailableLevel": 1,
      "fame": 210,
      "category": "enchants"
    },
    {
      "itemId": "e9b0620cbed35156d8298624150c0065",
      "itemName": "첫 기억을 간직한 자 보주",
      "itemRarity": "레전더리",
      "itemTypeId": "8bcda5578720a4dc56b1736ccbe06c0f",
      "itemType": "스태커블",
      "itemTypeDetailId": "661197ec3628a8476f5121d6209f41aa",
      "itemTypeDetail": "보주",
      "itemAvailableLevel": 1,
      "fame": 210,
      "category": "enchants"
    },
    {
      "itemId": "09a601253762209fe85a1ada1e12319e",
      "itemName": "인공신 프로토타입 카드",
      "itemRarity": "레전더리",
      "itemTypeId": "8bcda5578720a4dc56b1736ccbe06c0f",
      "itemType": "스태커블",
      "itemTypeDetailId": "0ec40bc4c624e1a4c498a6a99fbf0d19",
      "itemTypeDetail": "전문직업 재료",
      "itemAvailableLevel": 1,
      "fame": 210,
      "category": "enchants"
    },
    {
      "itemId": "091dff09ae9d6e7e3b9d44c11fceeb5e",
      "itemName": "인공신 프로토타입 보주",
      "itemRarity": "레전더리",
      "itemTypeId": "8bcda5578720a4dc56b1736ccbe06c0f",
      "itemType": "스태커블",
      "itemTypeDetailId": "661197ec3628a8476f5121d6209f41aa",
      "itemTypeDetail": "보주",
      "itemAvailableLevel": 1,
      "fame": 210,
      "category": "enchants"
    },
    {
      "itemId": "df90f9db0399aea50bd171fff4157fee",
      "itemName": "둥지짓는 베로로 카드",
      "itemRarity": "유니크",
      "itemTypeId": "8bcda5578720a4dc56b1736ccbe06c0f",
      "itemType": "스태커블",
      "itemTypeDetailId": "0ec40bc4c624e1a4c498a6a99fbf0d19",
      "itemTypeDetail": "전문직업 재료",
      "itemAvailableLevel": 1,
      "fame": 196,
      "category": "enchants"
    },
    {
      "itemId": "dd0d328de45fa673d7e7072ca46a4fc5",
      "itemName": "둥지짓는 베로로 보주",
      "itemRarity": "유니크",
      "itemTypeId": "8bcda5578720a4dc56b1736ccbe06c0f",
      "itemType": "스태커블",
      "itemTypeDetailId": "661197ec3628a8476f5121d6209f41aa",
      "itemTypeDetail": "보주",
      "itemAvailableLevel": 1,
      "fame": 196,
      "category": "enchants"
    },
    {
      "itemId": "c1e30babd14b79cb3af085049475563c",
      "itemName": "인공신 3호 나벨 카드",
      "itemRarity": "레전더리",
      "itemTypeId": "8bcda5578720a4dc56b1736ccbe06c0f",
      "itemType": "스태커블",
      "itemTypeDetailId": "0ec40bc4c624e1a4c498a6a99fbf0d19",
      "itemTypeDetail": "전문직업 재료",
      "itemAvailableLevel": 1,
      "fame": 221,
      "category": "enchants"
    },
    {
      "itemId": "0f9e53dea1284fac92b4300838a5f8d1",
      "itemName": "인공신 3호 나벨 보주",
      "itemRarity": "레전더리",
      "itemTypeId": "8bcda5578720a4dc56b1736ccbe06c0f",
      "itemType": "스태커블",
      "itemTypeDetailId": "661197ec3628a8476f5121d6209f41aa",
      "itemTypeDetail": "보주",
      "itemAvailableLevel": 1,
      "fame": 221,
      "category": "enchants"
    },
    {
      "itemId": "4bc42411ce4b675bdb4569016c7c744b",
      "itemName": "숲의 전언자 카밀라 카드",
      "itemRarity": "레전더리",
      "itemTypeId": "8bcda5578720a4dc56b1736ccbe06c0f",
      "itemType": "스태커블",
      "itemTypeDetailId": "0ec40bc4c624e1a4c498a6a99fbf0d19",
      "itemTypeDetail": "전문직업 재료",
      "itemAvailableLevel": 1,
      "fame": 210,
      "category": "enchants"
    },
    {
      "itemId": "7f7287e9bdd66510882114ae03110144",
      "itemName": "숲의 전언자 카밀라 보주",
      "itemRarity": "레전더리",
      "itemTypeId": "8bcda5578720a4dc56b1736ccbe06c0f",
      "itemType": "스태커블",
      "itemTypeDetailId": "661197ec3628a8476f5121d6209f41aa",
      "itemTypeDetail": "보주",
      "itemAvailableLevel": 1,
      "fame": 210,
      "category": "enchants"
    },
    {
      "itemId": "da4e58505a7e73cbc0f3128909263a28",
      "itemName": "시브의 보조장비 보주",
      "itemRarity": "레전더리",
      "itemTypeId": "8bcda5578720a4dc56b1736ccbe06c0f",
      "itemType": "스태커블",
      "itemTypeDetailId": "661197ec3628a8476f5121d6209f41aa",
      "itemTypeDetail": "보주",
      "itemAvailableLevel": 1,
      "fame": 221,
      "category": "enchants"
    },
    {
      "itemId": "e3c3f6fc71507f826e2d8271dfa4a895",
      "itemName": "시브의 보조장비 보주",
      "itemRarity": "레전더리",
      "itemTypeId": "8bcda5578720a4dc56b1736ccbe06c0f",
      "itemType": "스태커블",
      "itemTypeDetailId": "661197ec3628a8476f5121d6209f41aa",
      "itemTypeDetail": "보주",
      "itemAvailableLevel": 1,
      "fame": 221,
      "category": "enchants"
    },
    {
      "itemId": "ab9dbde7dbdcc928b59b2e61be3eb772",
      "itemName": "아홉 꼬리 블로나 카드",
      "itemRarity": "레전더리",
      "itemTypeId": "8bcda5578720a4dc56b1736ccbe06c0f",
      "itemType": "스태커블",
      "itemTypeDetailId": "0ec40bc4c624e1a4c498a6a99fbf0d19",
      "itemTypeDetail": "전문직업 재료",
      "itemAvailableLevel": 1,
      "fame": 221,
      "category": "enchants"
    },
    {
      "itemId": "1885eef614bf0c39616498cd75fbbc28",
      "itemName": "아홉 꼬리 블로나 보주",
      "itemRarity": "레전더리",
      "itemTypeId": "8bcda5578720a4dc56b1736ccbe06c0f",
      "itemType": "스태커블",
      "itemTypeDetailId": "661197ec3628a8476f5121d6209f41aa",
      "itemTypeDetail": "보주",
      "itemAvailableLevel": 1,
      "fame": 221,
      "category": "enchants"
    },
    {
      "itemId": "65d29f31b1311d9f297418da661dedd3",
      "itemName": "파괴의 트라우마트 보주",
      "itemRarity": "유니크",
      "itemTypeId": "8bcda5578720a4dc56b1736ccbe06c0f",
      "itemType": "스태커블",
      "itemTypeDetailId": "661197ec3628a8476f5121d6209f41aa",
      "itemTypeDetail": "보주",
      "itemAvailableLevel": 1,
      "fame": 210,
      "category": "enchants"
    },
    {
      "itemId": "f2c69fabbedd5f6241fb515bede62c85",
      "itemName": "파괴의 트라우마트 카드",
      "itemRarity": "유니크",
      "itemTypeId": "8bcda5578720a4dc56b1736ccbe06c0f",
      "itemType": "스태커블",
      "itemTypeDetailId": "0ec40bc4c624e1a4c498a6a99fbf0d19",
      "itemTypeDetail": "전문직업 재료",
      "itemAvailableLevel": 1,
      "fame": 210,
      "category": "enchants"
    },
    {
      "itemId": "3586914de44ed2371ae76d7424e1fe17",
      "itemName": "무지의 악 나벨 카드",
      "itemRarity": "레전더리",
      "itemTypeId": "8bcda5578720a4dc56b1736ccbe06c0f",
      "itemType": "스태커블",
      "itemTypeDetailId": "0ec40bc4c624e1a4c498a6a99fbf0d19",
      "itemTypeDetail": "전문직업 재료",
      "itemAvailableLevel": 1,
      "fame": 240,
      "category": "enchants"
    },
    {
      "itemId": "03c4f812f356f96aeb516c653321d669",
      "itemName": "무지의 악 나벨 보주",
      "itemRarity": "레전더리",
      "itemTypeId": "8bcda5578720a4dc56b1736ccbe06c0f",
      "itemType": "스태커블",
      "itemTypeDetailId": "661197ec3628a8476f5121d6209f41aa",
      "itemTypeDetail": "보주",
      "itemAvailableLevel": 1,
      "fame": 240,
      "category": "enchants"
    },
    {
      "itemId": "1a1b5a414db027a719c1166e1dfcc42d",
      "itemName": "불의 숨결을 내는 자 카드",
      "itemRarity": "레전더리",
      "itemTypeId": "8bcda5578720a4dc56b1736ccbe06c0f",
      "itemType": "스태커블",
      "itemTypeDetailId": "0ec40bc4c624e1a4c498a6a99fbf0d19",
      "itemTypeDetail": "전문직업 재료",
      "itemAvailableLevel": 1,
      "fame": 210,
      "category": "enchants"
    },
    {
      "itemId": "3a307802b2390b55b89255139766a527",
      "itemName": "불의 숨결을 내는 자 보주",
      "itemRarity": "레전더리",
      "itemTypeId": "8bcda5578720a4dc56b1736ccbe06c0f",
      "itemType": "스태커블",
      "itemTypeDetailId": "661197ec3628a8476f5121d6209f41aa",
      "itemTypeDetail": "보주",
      "itemAvailableLevel": 1,
      "fame": 210,
      "category": "enchants"
    },
    {
      "itemId": "f1b324e2b3ce1f13edf79147b95c7b5a",
      "itemName": "무의식의 테르미누스 카드",
      "itemRarity": "레전더리",
      "itemTypeId": "8bcda5578720a4dc56b1736ccbe06c0f",
      "itemType": "스태커블",
      "itemTypeDetailId": "0ec40bc4c624e1a4c498a6a99fbf0d19",
      "itemTypeDetail": "전문직업 재료",
      "itemAvailableLevel": 1,
      "fame": 210,
      "category": "enchants"
    },
    {
      "itemId": "66d79150bbfb6089b7b596234b1c6d99",
      "itemName": "무의식의 테르미누스 보주",
      "itemRarity": "레전더리",
      "itemTypeId": "8bcda5578720a4dc56b1736ccbe06c0f",
      "itemType": "스태커블",
      "itemTypeDetailId": "661197ec3628a8476f5121d6209f41aa",
      "itemTypeDetail": "보주",
      "itemAvailableLevel": 1,
      "fame": 210,
      "category": "enchants"
    },
    {
      "itemId": "82860b0263f402ba27985cbf66e634ef",
      "itemName": "무결한 죽음 비시마 카드",
      "itemRarity": "레전더리",
      "itemTypeId": "8bcda5578720a4dc56b1736ccbe06c0f",
      "itemType": "스태커블",
      "itemTypeDetailId": "0ec40bc4c624e1a4c498a6a99fbf0d19",
      "itemTypeDetail": "전문직업 재료",
      "itemAvailableLevel": 1,
      "fame": 240,
      "category": "enchants"
    },
    {
      "itemId": "69bfe125c97ab125fc646f05ef55f2bb",
      "itemName": "무결한 죽음 비시마 보주",
      "itemRarity": "레전더리",
      "itemTypeId": "8bcda5578720a4dc56b1736ccbe06c0f",
      "itemType": "스태커블",
      "itemTypeDetailId": "661197ec3628a8476f5121d6209f41aa",
      "itemTypeDetail": "보주",
      "itemAvailableLevel": 1,
      "fame": 240,
      "category": "enchants"
    },
    {
      "itemId": "a05c3f54258c5347fa4b7f43ebd7a0a6",
      "itemName": "요격대 테아스 카드",
      "itemRarity": "유니크",
      "itemTypeId": "8bcda5578720a4dc56b1736ccbe06c0f",
      "itemType": "스태커블",
      "itemTypeDetailId": "0ec40bc4c624e1a4c498a6a99fbf0d19",
      "itemTypeDetail": "전문직업 재료",
      "itemAvailableLevel": 1,
      "fame": 221,
      "category": "enchants"
    },
    {
      "itemId": "4b828249cc59a64b1c9cfb43644b54fe",
      "itemName": "요격대 테아스 보주",
      "itemRarity": "유니크",
      "itemTypeId": "8bcda5578720a4dc56b1736ccbe06c0f",
      "itemType": "스태커블",
      "itemTypeDetailId": "661197ec3628a8476f5121d6209f41aa",
      "itemTypeDetail": "보주",
      "itemAvailableLevel": 1,
      "fame": 221,
      "category": "enchants"
    },
    {
      "itemId": "4b1f9f44f294a0f93588dea0d39a80ac",
      "itemName": "큰 어른 루톤 카드",
      "itemRarity": "레전더리",
      "itemTypeId": "8bcda5578720a4dc56b1736ccbe06c0f",
      "itemType": "스태커블",
      "itemTypeDetailId": "0ec40bc4c624e1a4c498a6a99fbf0d19",
      "itemTypeDetail": "전문직업 재료",
      "itemAvailableLevel": 1,
      "fame": 221,
      "category": "enchants"
    },
    {
      "itemId": "834dc748f8bc9cbeb553b26e3c34715c",
      "itemName": "큰 어른 루톤 보주",
      "itemRarity": "레전더리",
      "itemTypeId": "8bcda5578720a4dc56b1736ccbe06c0f",
      "itemType": "스태커블",
      "itemTypeDetailId": "661197ec3628a8476f5121d6209f41aa",
      "itemTypeDetail": "보주",
      "itemAvailableLevel": 1,
      "fame": 221,
      "category": "enchants"
    },
    {
      "itemId": "cdfc1227f1ab61a959cb8dc568fb8198",
      "itemName": "프로스트의 전설 플래티넘 칭호 선택 상자",
      "itemRarity": "레어",
      "itemTypeId": "8bcda5578720a4dc56b1736ccbe06c0f",
      "itemType": "스태커블",
      "itemTypeDetailId": "6e8981222229e60bdadf3ac1ad1702a6",
      "itemTypeDetail": "선택 부스터",
      "itemAvailableLevel": 1,
      "fame": 0,
      "category": "titles"
    },
    {
      "itemId": "7cdecc590ff1920d9cbffc684070d72a",
      "itemName": "프로스트의 전설 플래티넘[30Lv]",
      "itemRarity": "레어",
      "itemTypeId": "e490f8cce6bacd43bef1e2f5e0c4943d",
      "itemType": "액세서리",
      "itemTypeDetailId": "691933a06ff114348a7db936fb0aec66",
      "itemTypeDetail": "칭호",
      "itemAvailableLevel": 1,
      "fame": 1123,
      "category": "titles"
    },
    {
      "itemId": "6f008c0c92c0346b114d2ffdafb92292",
      "itemName": "프로스트의 전설 플래티넘[35Lv]",
      "itemRarity": "레어",
      "itemTypeId": "e490f8cce6bacd43bef1e2f5e0c4943d",
      "itemType": "액세서리",
      "itemTypeDetailId": "691933a06ff114348a7db936fb0aec66",
      "itemTypeDetail": "칭호",
      "itemAvailableLevel": 1,
      "fame": 1123,
      "category": "titles"
    },
    {
      "itemId": "7ff744342ad0586c9d62a73c4c684bde",
      "itemName": "프로스트의 전설 플래티넘[40Lv]",
      "itemRarity": "레어",
      "itemTypeId": "e490f8cce6bacd43bef1e2f5e0c4943d",
      "itemType": "액세서리",
      "itemTypeDetailId": "691933a06ff114348a7db936fb0aec66",
      "itemTypeDetail": "칭호",
      "itemAvailableLevel": 1,
      "fame": 1123,
      "category": "titles"
    },
    {
      "itemId": "53ebb215d0249e099ed0cd456e7ff2e4",
      "itemName": "프로스트의 전설 플래티넘[45Lv]",
      "itemRarity": "레어",
      "itemTypeId": "e490f8cce6bacd43bef1e2f5e0c4943d",
      "itemType": "액세서리",
      "itemTypeDetailId": "691933a06ff114348a7db936fb0aec66",
      "itemTypeDetail": "칭호",
      "itemAvailableLevel": 1,
      "fame": 1123,
      "category": "titles"
    },
    {
      "itemId": "1b483a53811c5c3b38651416b9570efd",
      "itemName": "프로스트의 전설 플래티넘[60Lv]",
      "itemRarity": "레어",
      "itemTypeId": "e490f8cce6bacd43bef1e2f5e0c4943d",
      "itemType": "액세서리",
      "itemTypeDetailId": "691933a06ff114348a7db936fb0aec66",
      "itemTypeDetail": "칭호",
      "itemAvailableLevel": 1,
      "fame": 1123,
      "category": "titles"
    },
    {
      "itemId": "3079953d6096df87fd02700f57b3efb5",
      "itemName": "프로스트의 전설 플래티넘[70Lv]",
      "itemRarity": "레어",
      "itemTypeId": "e490f8cce6bacd43bef1e2f5e0c4943d",
      "itemType": "액세서리",
      "itemTypeDetailId": "691933a06ff114348a7db936fb0aec66",
      "itemTypeDetail": "칭호",
      "itemAvailableLevel": 1,
      "fame": 1123,
      "category": "titles"
    },
    {
      "itemId": "fd881f22fb227bf52def891e1c8ad5b1",
      "itemName": "프로스트의 전설 플래티넘[75Lv]",
      "itemRarity": "레어",
      "itemTypeId": "e490f8cce6bacd43bef1e2f5e0c4943d",
      "itemType": "액세서리",
      "itemTypeDetailId": "691933a06ff114348a7db936fb0aec66",
      "itemTypeDetail": "칭호",
      "itemAvailableLevel": 1,
      "fame": 1123,
      "category": "titles"
    },
    {
      "itemId": "a33cbd6ee4519308cafb65cd3189b279",
      "itemName": "프로스트의 전설 플래티넘[80Lv]",
      "itemRarity": "레어",
      "itemTypeId": "e490f8cce6bacd43bef1e2f5e0c4943d",
      "itemType": "액세서리",
      "itemTypeDetailId": "691933a06ff114348a7db936fb0aec66",
      "itemTypeDetail": "칭호",
      "itemAvailableLevel": 1,
      "fame": 1123,
      "category": "titles"
    },
    {
      "itemId": "2bb1c86f1ed2644c156c0e24ff11d5b2",
      "itemName": "프로스트의 전설 플래티넘[50Lv]",
      "itemRarity": "레어",
      "itemTypeId": "e490f8cce6bacd43bef1e2f5e0c4943d",
      "itemType": "액세서리",
      "itemTypeDetailId": "691933a06ff114348a7db936fb0aec66",
      "itemTypeDetail": "칭호",
      "itemAvailableLevel": 1,
      "fame": 1123,
      "category": "titles"
    },
    {
      "itemId": "b89d2344496f87896fafd505dc70c092",
      "itemName": "프로스트의 전설 플래티넘[85Lv]",
      "itemRarity": "레어",
      "itemTypeId": "e490f8cce6bacd43bef1e2f5e0c4943d",
      "itemType": "액세서리",
      "itemTypeDetailId": "691933a06ff114348a7db936fb0aec66",
      "itemTypeDetail": "칭호",
      "itemAvailableLevel": 1,
      "fame": 1123,
      "category": "titles"
    },
    {
      "itemId": "c9f4e5017aa56ed86709f9fd86867ec1",
      "itemName": "프로스트의 전설 플래티넘[95Lv]",
      "itemRarity": "레어",
      "itemTypeId": "e490f8cce6bacd43bef1e2f5e0c4943d",
      "itemType": "액세서리",
      "itemTypeDetailId": "691933a06ff114348a7db936fb0aec66",
      "itemTypeDetail": "칭호",
      "itemAvailableLevel": 1,
      "fame": 1123,
      "category": "titles"
    },
    {
      "itemId": "821c509ad1f5d4d62a3326cc24f17aa5",
      "itemName": "프로스트의 전설 플래티넘[100Lv]",
      "itemRarity": "레어",
      "itemTypeId": "e490f8cce6bacd43bef1e2f5e0c4943d",
      "itemType": "액세서리",
      "itemTypeDetailId": "691933a06ff114348a7db936fb0aec66",
      "itemTypeDetail": "칭호",
      "itemAvailableLevel": 1,
      "fame": 1123,
      "category": "titles"
    },
    {
      "itemId": "42fd3d4144f788b37ed19c70281dcda6",
      "itemName": "프로스트의 전설",
      "itemRarity": "레어",
      "itemTypeId": "e490f8cce6bacd43bef1e2f5e0c4943d",
      "itemType": "액세서리",
      "itemTypeDetailId": "691933a06ff114348a7db936fb0aec66",
      "itemTypeDetail": "칭호",
      "itemAvailableLevel": 1,
      "fame": 1123,
      "category": "titles"
    }
  ]
}